Name,Address,Phone,Website,Email,Year Established,ABN,Monday,Tuesday,Wednesday,Thursday,Friday,Saturday,Sunday,Public Holidays,Categories,Full Category Tree,URL
Max Bannah Animation Pty Ltd,"30 York St, Indooroopilly, QLD, 4068",(07) 33714956,NA,NA,NA,NA,NA,NA,NA,NA,NA,NA,NA,NA,Film Productions,"Professional Services,Film Productions,QLD: Brisbane,Indooroopilly",https://www.startlocal.com.au/professional/filmproduction/qld_brisbane/Max_Bannah_Animation_Pty_Ltd_1623041.html
Pacific Film & Television Commission,"Level 15 111 George St, Brisbane, QLD, 4000",(07) 32244114,http://www.pftc.com.au,NA,NA,NA,NA,NA,NA,NA,NA,NA,NA,NA,Film Productions,"Professional Services,Film Productions,QLD: Brisbane,Brisbane",https://www.startlocal.com.au/professional/filmproduction/qld_brisbane/Pacific_Film_Television_Commission_895472.html
Visual Abode,"PO Box 640, Coorparoo, QLD, 4151",0419 992 873,http://www.visualabode.com.au,info@visualabode.com.au,2007,NA,NA,NA,NA,NA,NA,NA,NA,NA,Film Productions,"Professional Services,Film Productions,QLD: Brisbane,Coorparoo",https://www.startlocal.com.au/professional/filmproduction/qld_brisbane/Visual_Abode_1430542.html
Black Lab,"22 Exmouth St, Toowong, VIC, 3707",0411 813776,NA,NA,NA,NA,NA,NA,NA,NA,NA,NA,NA,NA,Film Productions,"Professional Services,Film Productions,VIC: Northern District,Toowong",https://www.startlocal.com.au/professional/filmproduction/vic_northerndistrict/Black_Lab_1623031.html
Mathew Clift,"Po Box 493, South Brisbane, QLD, 4101",0408 889647,NA,NA,NA,NA,NA,NA,NA,NA,NA,NA,NA,NA,Film Productions,"Professional Services,Film Productions,QLD: Brisbane,South Brisbane",https://www.startlocal.com.au/professional/filmproduction/qld_brisbane/Mathew_Clift_1623046.html
Planet Aviation Productions,"Level 7 344 Queen St, Brisbane, QLD, 4000",(07) 30043434,NA,NA,NA,NA,NA,NA,NA,NA,NA,NA,NA,NA,Film Productions,"Professional Services,Film Productions,QLD: Brisbane,Brisbane",https://www.startlocal.com.au/professional/filmproduction/qld_brisbane/Planet_Aviation_Productions_895473.html
Slingshot,"By Appointment, Brisbane, QLD, 4001",(07) 31023645,http://slingshotagency.com,od.slingshot@gmail.com,NA,NA,NA,NA,NA,NA,NA,NA,NA,NA,Film Productions,"Professional Services,Film Productions,QLD: Brisbane,Brisbane",https://www.startlocal.com.au/professional/filmproduction/qld_brisbane/Slingshot_3376368.html
Two Little Indians,"610 Stanley St, Woolloongabba, QLD, 4102",(07) 32551888,NA,NA,NA,NA,NA,NA,NA,NA,NA,NA,NA,NA,Film Productions,"Professional Services,Film Productions,QLD: Brisbane,Woolloongabba",https://www.startlocal.com.au/professional/filmproduction/qld_brisbane/Two_Little_Indians_1623047.html
Keytone Studios,"Unit 5 34 Nile St, Woolloongabba, QLD, 4102",(07) 32174255,http://www.keytonestudios.com,mail@keytone.com,2007,NA,NA,NA,NA,NA,NA,NA,NA,NA,"Film Productions,Graphic Designers","Professional Services,Film Productions,QLD: Brisbane,Woolloongabba,Professional Services,Graphic Designers,QLD: Brisbane,Woolloongabba",https://www.startlocal.com.au/professional/filmproduction/qld_brisbane/Keytone_Studios_1856958.html
Taxi Film Production Pty Td,"334 Montague Rd, West End, QLD, 4101",(07) 38460900,NA,NA,NA,NA,NA,NA,NA,NA,NA,NA,NA,NA,Film Productions,"Professional Services,Film Productions,QLD: Townsville,West End",https://www.startlocal.com.au/professional/filmproduction/qld_townsville/Taxi_Film_Production_Pty_Td_895506.html
Red Movies,"27 Lockhart St, Woolloongabba, QLD, 4102",(07) 38912440,NA,NA,NA,NA,NA,NA,NA,NA,NA,NA,NA,NA,Film Productions,"Professional Services,Film Productions,QLD: Brisbane,Woolloongabba",https://www.startlocal.com.au/professional/filmproduction/qld_brisbane/Red_Movies_895512.html
Australian Medical Placements,"PO Box 771, Bulimba, QLD, 4171",(07) 38997888,http://www.australianmedicalplacements.com.au,NA,NA,NA,NA,NA,NA,NA,NA,NA,NA,NA,Job Search and Recruitment,"Professional Services,Job Search and Recruitment,QLD: Brisbane,Bulimba",https://www.startlocal.com.au/education/jobsearch/qld_brisbane/Australian_Medical_Placements_2886344.html
Innovative Recruitment Solutions,"Unit 5 676 Wynnum Rd, Morningside, QLD, 4170",(07) 39020293,NA,NA,NA,NA,NA,NA,NA,NA,NA,NA,NA,NA,Job Search and Recruitment,"Professional Services,Job Search and Recruitment,QLD: Brisbane,Morningside",https://www.startlocal.com.au/education/jobsearch/qld_brisbane/Innovative_Recruitment_Solutions_1601573.html
Workline (Qld) Ltd,"5 Reid St, Woolloongabba, QLD, 4102",(07) 33913500,NA,NA,NA,NA,NA,NA,NA,NA,NA,NA,NA,NA,Job Search and Recruitment,"Professional Services,Job Search and Recruitment,QLD: Brisbane,Woolloongabba",https://www.startlocal.com.au/education/jobsearch/qld_brisbane/Workline_Qld_Ltd_411740.html
BoysTown: Capalaba,"22 Loraine St, Capalaba, QLD, 4157",(07) 39064999,http://www.boystown.com.au,NA,NA,NA,NA,NA,NA,NA,NA,NA,NA,NA,Job Search and Recruitment,"Professional Services,Job Search and Recruitment,QLD: Brisbane,Capalaba",https://www.startlocal.com.au/education/jobsearch/qld_brisbane/BoysTown_Capalaba_2885660.html
Hansen Contracting,"1051 Rochedale Rd, Rochedale, QLD, 4123",(07) 33411074,NA,NA,NA,NA,NA,NA,NA,NA,NA,NA,NA,NA,Job Search and Recruitment,"Professional Services,Job Search and Recruitment,QLD: Brisbane,Rochedale",https://www.startlocal.com.au/education/jobsearch/qld_brisbane/Hansen_Contracting_1601209.html
Apprentice & Trainee Managment Services,"14 Junee Ct, Heritage Park, QLD, 4118",(07) 38032101,NA,NA,NA,NA,NA,NA,NA,NA,NA,NA,NA,NA,Job Search and Recruitment,"Professional Services,Job Search and Recruitment,QLD: Brisbane,Heritage Park",https://www.startlocal.com.au/education/jobsearch/qld_brisbane/Apprentice_Trainee_Managment_Services_1601421.html
Dekro: Brisbane,"1048-1054 Beaudesert Rd, Coopers Plains, QLD, 4108",(07) 33754300,http://www.dekro.com.au,alillie@dekro.com.au,1994,NA,8:00am - 5:00pm,8:00am - 5:00pm,8:00am - 5:00pm,8:00am - 5:00pm,8:00am - 5:00pm,---,---,---,Job Search and Recruitment,"Professional Services,Job Search and Recruitment,QLD: Brisbane,Coopers Plains",https://www.startlocal.com.au/education/jobsearch/qld_brisbane/Dekro_Brisbane_1912293.html
Walker Technical Consultants Pty Ltd,"Po Box 861, Sunnybank, QLD, 4109",(07) 32727422,NA,NA,NA,NA,NA,NA,NA,NA,NA,NA,NA,NA,Job Search and Recruitment,"Professional Services,Job Search and Recruitment,QLD: Brisbane,Sunnybank",https://www.startlocal.com.au/education/jobsearch/qld_brisbane/Walker_Technical_Consultants_Pty_Ltd_1600604.html
The Car People,"91 Commercial Rd, Newstead, QLD, 4006",(07) 38542347,NA,NA,NA,NA,NA,NA,NA,NA,NA,NA,NA,NA,Job Search and Recruitment,"Professional Services,Job Search and Recruitment,QLD: Brisbane,Newstead",https://www.startlocal.com.au/education/jobsearch/qld_brisbane/The_Car_People_1601753.html
The Salvation Army Employment Plus: Capalaba,"Ground Floor, 26 Redland Bay Rd, Capalaba, QLD, 4157",136 123,https://www.employmentplus.com.au,NA,NA,NA,8:30am - 5:30pm,8:30am - 5:30pm,8:30am - 5:30pm,8:30am - 5:30pm,8:30am - 5:30pm,---,---,---,"Employment - Labour Hire,Training and Development Specialists,Job Search and Recruitment","Business Services,Employment - Labour Hire,QLD: Brisbane,Capalaba,Business Services,Training and Development Specialists,Capalaba,Professional Services,Job Search and Recruitment,QLD: Brisbane,Capalaba",https://www.startlocal.com.au/education/jobsearch/qld_brisbane/The_Salvation_Army_Employment_Plus_Capalaba_2886604.html
Healthcare Recruitment,"42 Mukine St, Jindalee, QLD, 4074",(07) 32793077,NA,NA,NA,NA,NA,NA,NA,NA,NA,NA,NA,NA,Job Search and Recruitment,"Professional Services,Job Search and Recruitment,QLD: Brisbane,Jindalee",https://www.startlocal.com.au/education/jobsearch/qld_brisbane/Healthcare_Recruitment_411709.html
Forstaff Personnel,"Unit 1 2 Machinery St, Darra, QLD, 4076",(07) 33755599,NA,NA,NA,NA,NA,NA,NA,NA,NA,NA,NA,NA,Job Search and Recruitment,"Professional Services,Job Search and Recruitment,QLD: Brisbane,Darra",https://www.startlocal.com.au/education/jobsearch/qld_brisbane/Forstaff_Personnel_1599592.html
The Argo Corporation Pty Ltd,"19 Ney Rd, Capalaba, QLD, 4157",(07) 32457755,NA,NA,NA,NA,NA,NA,NA,NA,NA,NA,NA,NA,Job Search and Recruitment,"Professional Services,Job Search and Recruitment,QLD: Brisbane,Capalaba",https://www.startlocal.com.au/education/jobsearch/qld_brisbane/The_Argo_Corporation_Pty_Ltd_1600517.html
Academic & General Staff Pty Ltd,"Unit 15 18 Brookfield Rd, Kenmore, QLD, 4069",(07) 38786137,NA,NA,NA,NA,NA,NA,NA,NA,NA,NA,NA,NA,Job Search and Recruitment,"Professional Services,Job Search and Recruitment,QLD: Brisbane,Kenmore",https://www.startlocal.com.au/education/jobsearch/qld_brisbane/Academic_General_Staff_Pty_Ltd_1599056.html
Technical Resources,"Benson House Suite 7 2 Benson St, Toowong, QLD, 4066",(07) 33713799,http://www.techresources.com.au,NA,NA,NA,NA,NA,NA,NA,NA,NA,NA,NA,Job Search and Recruitment,"Professional Services,Job Search and Recruitment,QLD: Brisbane,Toowong",https://www.startlocal.com.au/education/jobsearch/qld_brisbane/Technical_Resources_411692.html
Trevor-Roberts Associates,"Level 11 39 Sherwood Rd, Toowong, QLD, 4066",(07) 32177288,NA,NA,NA,NA,NA,NA,NA,NA,NA,NA,NA,NA,Job Search and Recruitment,"Professional Services,Job Search and Recruitment,QLD: Brisbane,Toowong",https://www.startlocal.com.au/education/jobsearch/qld_brisbane/Trevor-Roberts_Associates_411694.html
The Childcare Team,"Level 5 47-49 Sherwood Rd, Toowong, QLD, 4066",(07) 33718888,NA,NA,NA,NA,NA,NA,NA,NA,NA,NA,NA,NA,Job Search and Recruitment,"Professional Services,Job Search and Recruitment,QLD: Brisbane,Toowong",https://www.startlocal.com.au/education/jobsearch/qld_brisbane/The_Childcare_Team_411693.html
Ecco,"7/1927 Ipswich Rd, Rocklea, QLD, 4106",(07) 32777133,NA,NA,NA,NA,NA,NA,NA,NA,NA,NA,NA,NA,Job Search and Recruitment,"Professional Services,Job Search and Recruitment,QLD: Brisbane,Rocklea",https://www.startlocal.com.au/education/jobsearch/qld_brisbane/Ecco_1599495.html
Employment Office Pty Ltd: Melbourne,"Flight Centre House, Level 2, 436 St Kilda Rd, Melbourne, VIC, 3004",1300 366 573,http://www.employmentoffice.com.au,NA,NA,NA,8:00am - 5:00pm,8:00am - 5:00pm,8:00am - 5:00pm,8:00am - 5:00pm,8:00am - 5:00pm,---,---,---,Job Search and Recruitment,"Professional Services,Job Search and Recruitment,VIC: Melbourne,Melbourne",https://www.startlocal.com.au/education/jobsearch/vic_melbourne/Employment_Office_Pty_Ltd_Melbourne_2885640.html
Sarina Russo Job Access: Toowong,"Level 3, 39 Sherwood Rd, Toowong, QLD, 4066",(07) 37211800,http://sarinarusso.com.au/,NA,NA,NA,NA,NA,NA,NA,NA,NA,NA,NA,Job Search and Recruitment,"Professional Services,Job Search and Recruitment,QLD: Brisbane,Toowong",https://www.startlocal.com.au/education/jobsearch/qld_brisbane/Sarina_Russo_Job_Access_Toowong_411689.html
Synarbor Education,"Unit 10, 165 Moggill Rd, Taringa, QLD, 4068",1300 306 536,http://synarbor.com.au/,mel@mywork.com.au,NA,NA,NA,NA,NA,NA,NA,NA,NA,NA,Job Search and Recruitment,"Professional Services,Job Search and Recruitment,QLD: Brisbane,Taringa",https://www.startlocal.com.au/education/jobsearch/qld_brisbane/Synarbor_Education_2817524.html
Affinity It Recruitment,"18 Heussler Tce, Milton, QLD, 4064",(07) 32467770,NA,NA,NA,NA,NA,NA,NA,NA,NA,NA,NA,NA,Job Search and Recruitment,"Professional Services,Job Search and Recruitment,QLD: Brisbane,Milton",https://www.startlocal.com.au/education/jobsearch/qld_brisbane/Affinity_It_Recruitment_411668.html
Juris Recruitment,"By Appointment, Brisbane City, QLD, 4000",(07) 31125126,http://www.jurisrecruitment.com.au,peterbuck@jurisrecruitment.com.au,NA,NA,NA,NA,NA,NA,NA,NA,NA,NA,Job Search and Recruitment,"Professional Services,Job Search and Recruitment,QLD: Brisbane,Brisbane City",https://www.startlocal.com.au/education/jobsearch/qld_brisbane/Juris_Recruitment_2804122.html
M & T Resources,"Level 18 175 Eagle St, Brisbane, QLD, 4000",(07) 38320065,NA,NA,NA,NA,NA,NA,NA,NA,NA,NA,NA,NA,Job Search and Recruitment,"Professional Services,Job Search and Recruitment,QLD: Brisbane,Brisbane",https://www.startlocal.com.au/education/jobsearch/qld_brisbane/M_T_Resources_411526.html
Real Staffing: Brisbane,"123 Eagle St, Riverside Centre, Brisbane, QLD, 4000",(07) 31122711,http://www.realstaffing.com,a.moreira@sthree.com,NA,NA,NA,NA,NA,NA,NA,NA,NA,NA,Job Search and Recruitment,"Professional Services,Job Search and Recruitment,QLD: Brisbane,Brisbane",https://www.startlocal.com.au/education/jobsearch/qld_brisbane/Real_Staffing_Brisbane_3367244.html
Bushell & Cornish Pty Ltd,"Level 2 167 Eagle St, Brisbane, QLD, 4000",(07) 32113333,NA,NA,NA,NA,NA,NA,NA,NA,NA,NA,NA,NA,Job Search and Recruitment,"Professional Services,Job Search and Recruitment,QLD: Brisbane,Brisbane",https://www.startlocal.com.au/education/jobsearch/qld_brisbane/Bushell_Cornish_Pty_Ltd_1599273.html
Lloyd Morgan: Milton,"Ground Floor, 52 McDougall St, Milton, QLD, 4064",(07) 30513600,http://clarius.com.au,clariusLMBNE@gmail.com,NA,NA,8:30am - 5:30pm,8:30am - 5:30pm,8:30am - 5:30pm,8:30am - 5:30pm,8:30am - 5:30pm,---,---,---,Job Search and Recruitment,"Professional Services,Job Search and Recruitment,QLD: Brisbane,Milton",https://www.startlocal.com.au/education/jobsearch/qld_brisbane/Lloyd_Morgan_Milton_411525.html
Staff Service Australia,"Level 12 410 Queen St, Brisbane, QLD, 4000",(07) 32291533,NA,NA,NA,NA,NA,NA,NA,NA,NA,NA,NA,NA,Job Search and Recruitment,"Professional Services,Job Search and Recruitment,QLD: Brisbane,Brisbane",https://www.startlocal.com.au/education/jobsearch/qld_brisbane/Staff_Service_Australia_1600975.html
Roslyn Peake,"471 Adelaide St, Brisbane, QLD, 4000",0415 080656,NA,NA,NA,NA,NA,NA,NA,NA,NA,NA,NA,NA,Job Search and Recruitment,"Professional Services,Job Search and Recruitment,QLD: Brisbane,Brisbane",https://www.startlocal.com.au/education/jobsearch/qld_brisbane/Roslyn_Peake_1600326.html
Frontline Retail,"Level 12 167 Eagle St, Brisbane, QLD, 4000",(07) 32119960,http://www.frontlineretail.com.au,NA,NA,NA,NA,NA,NA,NA,NA,NA,NA,NA,Job Search and Recruitment,"Professional Services,Job Search and Recruitment,QLD: Brisbane,Brisbane",https://www.startlocal.com.au/education/jobsearch/qld_brisbane/Frontline_Retail_411481.html
Staff Selection Pty Ltd,"Level3- 471 Adelaide St, Brisbane, QLD, 4000",(07) 38381399,NA,NA,NA,NA,NA,NA,NA,NA,NA,NA,NA,NA,Job Search and Recruitment,"Professional Services,Job Search and Recruitment,QLD: Brisbane,Brisbane",https://www.startlocal.com.au/education/jobsearch/qld_brisbane/Staff_Selection_Pty_Ltd_1600428.html
Executive Resource Group.,"471 Adelaide St, Brisbane, QLD, 4000",(07) 38381313,NA,NA,NA,NA,NA,NA,NA,NA,NA,NA,NA,NA,Job Search and Recruitment,"Professional Services,Job Search and Recruitment,QLD: Brisbane,Brisbane",https://www.startlocal.com.au/education/jobsearch/qld_brisbane/Executive_Resource_Group._1601818.html
Kings Resources Pty Ltd,"98 Commercial Rd, Newstead, QLD, 4006",(07) 32522457,NA,NA,NA,NA,NA,NA,NA,NA,NA,NA,NA,NA,Job Search and Recruitment,"Professional Services,Job Search and Recruitment,QLD: Brisbane,Newstead",https://www.startlocal.com.au/education/jobsearch/qld_brisbane/Kings_Resources_Pty_Ltd_1601362.html
Placements Australia Management Consultants,"499 Adelaide St, Brisbane, QLD, 4000",(07) 38323377,NA,NA,NA,NA,9:00am - 5:00pm,9:00am - 5:00pm,9:00am - 5:00pm,9:00am - 5:00pm,9:00am - 5:00pm,9:00am - 5:00pm,9:00am - 5:00pm,---,Job Search and Recruitment,"Professional Services,Job Search and Recruitment,QLD: Brisbane,Brisbane",https://www.startlocal.com.au/education/jobsearch/qld_brisbane/Placements_Australia_Management_Consultants_411550.html
Wizard Staffing,"Suite 102 421 Brunswick St, Fortitude Valley, QLD, 4006",(07) 33965446,NA,NA,NA,NA,NA,NA,NA,NA,NA,NA,NA,NA,Job Search and Recruitment,"Professional Services,Job Search and Recruitment,QLD: Brisbane,Fortitude Valley",https://www.startlocal.com.au/education/jobsearch/qld_brisbane/Wizard_Staffing_1600633.html
Newton Recruitment & Training,"Suite 15b 421 Brunswick St, Fortitude Valley, QLD, 4006",(07) 38541545,NA,NA,NA,NA,NA,NA,NA,NA,NA,NA,NA,NA,Job Search and Recruitment,"Professional Services,Job Search and Recruitment,QLD: Brisbane,Fortitude Valley",https://www.startlocal.com.au/education/jobsearch/qld_brisbane/Newton_Recruitment_Training_411617.html
R N International (Aus) Pty Ltd,"Po Box 812, Albion Dc, QLD, 4010",(07) 32625333,NA,NA,NA,NA,NA,NA,NA,NA,NA,NA,NA,NA,Job Search and Recruitment,"Professional Services,Job Search and Recruitment,QLD: Brisbane,Albion Dc",https://www.startlocal.com.au/education/jobsearch/qld_brisbane/R_N_International_Aus_Pty_Ltd_1601709.html
Majer Recruitment Pty Ltd,"129 Robertson St, Fortitude Valley, QLD, 4006",(07) 32536565,http://www.majer.com.au,NA,NA,NA,NA,NA,NA,NA,NA,NA,NA,NA,Job Search and Recruitment,"Professional Services,Job Search and Recruitment,QLD: Brisbane,Fortitude Valley",https://www.startlocal.com.au/education/jobsearch/qld_brisbane/Majer_Recruitment_Pty_Ltd_1599968.html
Naval Reserve Cadets,"Merthyr Rd, New Farm, QLD, 4005",(07) 33588248,NA,NA,NA,NA,NA,NA,NA,NA,NA,NA,NA,NA,Job Search and Recruitment,"Professional Services,Job Search and Recruitment,QLD: Brisbane,New Farm",https://www.startlocal.com.au/education/jobsearch/qld_brisbane/Naval_Reserve_Cadets_1600113.html
Essence Consulting Pty Ltd,"Po Box 2132, New Farm, QLD, 4005",(07) 32540966,NA,NA,NA,NA,NA,NA,NA,NA,NA,NA,NA,NA,Job Search and Recruitment,"Professional Services,Job Search and Recruitment,QLD: Brisbane,New Farm",https://www.startlocal.com.au/education/jobsearch/qld_brisbane/Essence_Consulting_Pty_Ltd_1601521.html
Royal Australian Navy,"Merthyr Rd, New Farm, QLD, 4005",(07) 33588200,NA,NA,NA,NA,NA,NA,NA,NA,NA,NA,NA,NA,Job Search and Recruitment,"Professional Services,Job Search and Recruitment,QLD: Brisbane,New Farm",https://www.startlocal.com.au/education/jobsearch/qld_brisbane/Royal_Australian_Navy_1600330.html
Medical Recruitment,"PO Box 523, Ferny Hills, QLD, 4055",1300 137 142,http://www.medicalrecruitment.com.au,info@medicalrecruitment.com.au,NA,NA,NA,NA,NA,NA,NA,NA,NA,NA,Job Search and Recruitment,"Professional Services,Job Search and Recruitment,QLD: Brisbane,Ferny Hills",https://www.startlocal.com.au/education/jobsearch/qld_brisbane/Medical_Recruitment_2849056.html
Dawn Consulting,"Suite 1 175 Given Tce, Paddington, QLD, 4064",(07) 33673043,NA,NA,NA,NA,NA,NA,NA,NA,NA,NA,NA,NA,Job Search and Recruitment,"Professional Services,Job Search and Recruitment,QLD: Brisbane,Paddington",https://www.startlocal.com.au/education/jobsearch/qld_brisbane/Dawn_Consulting_1599447.html
Optus Electrical Pty Ltd,"The Work Station 91-93 Commercial Rd, Teneriffe, QLD, 4005",07 36076318,http://www.jobswithsalt.com,NA,2006,2147483647,NA,NA,NA,NA,NA,NA,NA,NA,Job Search and Recruitment,"Professional Services,Job Search and Recruitment,QLD: Brisbane,Teneriffe",https://www.startlocal.com.au/education/jobsearch/qld_brisbane/Optus_Electrical_Pty_Ltd_3258870.html
Motto,"3 Chermside St, Newstead, QLD, 4006",(07) 38525280,http://www.yourmotto.com,NA,NA,NA,NA,NA,NA,NA,NA,NA,NA,NA,Job Search and Recruitment,"Professional Services,Job Search and Recruitment,QLD: Brisbane,Newstead",https://www.startlocal.com.au/education/jobsearch/qld_brisbane/Motto_1600098.html
Davis Recruitment,"Po Box 120, Alderley, QLD, 4051",(07) 33504011,NA,NA,NA,NA,NA,NA,NA,NA,NA,NA,NA,NA,Job Search and Recruitment,"Professional Services,Job Search and Recruitment,QLD: Brisbane,Alderley",https://www.startlocal.com.au/education/jobsearch/qld_brisbane/Davis_Recruitment_1599446.html
Candle: Milton,"Ground Floor, 52 McDougall St, Milton, QLD, 4064",(07) 31245700,http://clarius.com.au,clariusCRBNE@gmail.com,NA,NA,8:30am - 5:30pm,8:30am - 5:30pm,8:30am - 8:30am,8:30am - 5:30pm,8:30am - 5:30pm,---,---,---,Job Search and Recruitment,"Professional Services,Job Search and Recruitment,QLD: Brisbane,Milton",https://www.startlocal.com.au/education/jobsearch/qld_brisbane/Candle_Milton_411671.html
Australian Medical Assistants,"Po Box 1571, Milton, QLD, 4064",(07) 33682880,NA,NA,NA,NA,NA,NA,NA,NA,NA,NA,NA,NA,Job Search and Recruitment,"Professional Services,Job Search and Recruitment,QLD: Brisbane,Milton",https://www.startlocal.com.au/education/jobsearch/qld_brisbane/Australian_Medical_Assistants_411670.html
Confidential Automotive Recruitment Services: Arana Hills,"PO Box 45, Arana Hills, QLD, 4054",(07) 38512246,http://www.autorecruit.com.au,NA,NA,NA,NA,NA,NA,NA,NA,NA,NA,NA,Job Search and Recruitment,"Professional Services,Job Search and Recruitment,QLD: Brisbane,Arana Hills",https://www.startlocal.com.au/education/jobsearch/qld_brisbane/Confidential_Automotive_Recruitment_Services_Arana_Hills_2885350.html
Jigsaw Consulting Group,"Unit 1a 70 Prospect Tce, Kelvin Grove, QLD, 4059",(07) 33564435,http://www.jigsawconsultinggroup.com.au,NA,NA,NA,NA,NA,NA,NA,NA,NA,NA,NA,"Career Counselling,Job Search and Recruitment","Professional Services,Career Counselling,QLD: Brisbane,Kelvin Grove,Professional Services,Job Search and Recruitment,QLD: Brisbane,Kelvin Grove",https://www.startlocal.com.au/education/jobsearch/qld_brisbane/Jigsaw_Consulting_Group_1518619.html
Specialist Project Staff Recruitment Pty Ltd,"481 Milton Rd, Auchenflower, QLD, 4066",(07) 38704330,NA,NA,NA,NA,9:00am - 5:00pm,9:00am - 5:00pm,9:00am - 5:00pm,9:00am - 5:00pm,9:00am - 5:00pm,9:00am - 5:00pm,9:00am - 5:00pm,---,Job Search and Recruitment,"Professional Services,Job Search and Recruitment,QLD: Brisbane,Auchenflower",https://www.startlocal.com.au/education/jobsearch/qld_brisbane/Specialist_Project_Staff_Recruitment_Pty_Ltd_1600796.html
Aslan Human Resources,"28 Latrobe Tce, Paddington, QLD, 4064",(07) 33670272,NA,NA,NA,NA,NA,NA,NA,NA,NA,NA,NA,NA,Job Search and Recruitment,"Professional Services,Job Search and Recruitment,QLD: Brisbane,Paddington",https://www.startlocal.com.au/education/jobsearch/qld_brisbane/Aslan_Human_Resources_411669.html
Workskills Advancement Corp-Agent For Acso,"Teralba Park Osborne Rd, Mitchelton, QLD, 4053",(07) 33542222,NA,NA,NA,NA,NA,NA,NA,NA,NA,NA,NA,NA,Job Search and Recruitment,"Professional Services,Job Search and Recruitment,QLD: Brisbane,Mitchelton",https://www.startlocal.com.au/education/jobsearch/qld_brisbane/Workskills_Advancement_Corp-Agent_For_Acso_1600795.html
Sarina Russo Job Access: Mitchelton,"87 Osborne Rd, Mitchelton, QLD, 4053",(07) 33546600,NA,NA,NA,NA,NA,NA,NA,NA,NA,NA,NA,NA,Job Search and Recruitment,"Professional Services,Job Search and Recruitment,QLD: Brisbane,Mitchelton",https://www.startlocal.com.au/education/jobsearch/qld_brisbane/Sarina_Russo_Job_Access_Mitchelton_411658.html
Toughturkey Pty Ltd,"Po Box 2478, Brookside Centre, QLD, 4053",(07) 38559977,NA,NA,NA,NA,NA,NA,NA,NA,NA,NA,NA,NA,Job Search and Recruitment,"Professional Services,Job Search and Recruitment,QLD: Brisbane,Brookside Centre",https://www.startlocal.com.au/education/jobsearch/qld_brisbane/Toughturkey_Pty_Ltd_1600550.html
Mission Australia: Mitchelton,"87 Osborne Rd, Mitchelton, QLD, 4053",(07) 38555822,http://www.missionaustralia.com.au,NA,NA,15000002522,9:00am - 5:00pm,9:00am - 5:00pm,9:00am - 5:00pm,9:00am - 5:00pm,9:00am - 5:00pm,---,---,---,Job Search and Recruitment,"Professional Services,Job Search and Recruitment,QLD: Brisbane,Mitchelton",https://www.startlocal.com.au/education/jobsearch/qld_brisbane/Mission_Australia_Mitchelton_1600083.html
D & M Recruitment,"Gpo Box 1303, Brisbane, QLD, 4001",(07) 38317335,NA,NA,NA,NA,NA,NA,NA,NA,NA,NA,NA,NA,Job Search and Recruitment,"Professional Services,Job Search and Recruitment,QLD: Brisbane,Brisbane",https://www.startlocal.com.au/education/jobsearch/qld_brisbane/D_M_Recruitment_1599431.html
ACRA Recruitment,"35 Collingwood St, Paddington, QLD, 4064",(07) 33111977,http://www.acrarecruitment.com.au/,contact@mywork.com.au,NA,NA,NA,NA,NA,NA,NA,NA,NA,NA,Job Search and Recruitment,"Professional Services,Job Search and Recruitment,QLD: Brisbane,Paddington",https://www.startlocal.com.au/education/jobsearch/qld_brisbane/ACRA_Recruitment_1892758.html
Link Recruitment Pty Ltd,"Gpo Box 2295, Brisbane, QLD, 4001",(07) 38395888,NA,NA,NA,NA,NA,NA,NA,NA,NA,NA,NA,NA,Job Search and Recruitment,"Professional Services,Job Search and Recruitment,QLD: Brisbane,Brisbane",https://www.startlocal.com.au/education/jobsearch/qld_brisbane/Link_Recruitment_Pty_Ltd_1599935.html
Tempsonly Pty Ltd,"Gpo Box 896, Brisbane, QLD, 4001",(07) 32293311,NA,NA,NA,NA,NA,NA,NA,NA,NA,NA,NA,NA,Job Search and Recruitment,"Professional Services,Job Search and Recruitment,QLD: Brisbane,Brisbane",https://www.startlocal.com.au/education/jobsearch/qld_brisbane/Tempsonly_Pty_Ltd_1600507.html
Beyond Recruitment,"Gpo Box 1092, Brisbane, QLD, 4001",(07) 31212000,NA,NA,NA,NA,NA,NA,NA,NA,NA,NA,NA,NA,Job Search and Recruitment,"Professional Services,Job Search and Recruitment,QLD: Brisbane,Brisbane",https://www.startlocal.com.au/education/jobsearch/qld_brisbane/Beyond_Recruitment_1601437.html
O'Loughlin Executive Search,"Gpo Box 677, Brisbane, QLD, 4001",(07) 30071800,NA,NA,NA,NA,NA,NA,NA,NA,NA,NA,NA,NA,Job Search and Recruitment,"Professional Services,Job Search and Recruitment,QLD: Brisbane,Brisbane",https://www.startlocal.com.au/education/jobsearch/qld_brisbane/O_Loughlin_Executive_Search_411541.html
Worklinks Inc,"Mt Maria Senior College 67 Osborne Rd, Mitchelton, QLD, 4053",(07) 33543946,http://www.worklinks.com.au,NA,NA,NA,NA,NA,NA,NA,NA,NA,NA,NA,Job Search and Recruitment,"Professional Services,Job Search and Recruitment,QLD: Brisbane,Mitchelton",https://www.startlocal.com.au/education/jobsearch/qld_brisbane/Worklinks_Inc_1600660.html
Sydneyjobs.Com.Au,"Gpo Box 3034, Brisbane, QLD, 4001",(07) 33417911,NA,NA,NA,NA,NA,NA,NA,NA,NA,NA,NA,NA,Job Search and Recruitment,"Professional Services,Job Search and Recruitment,QLD: Brisbane,Brisbane",https://www.startlocal.com.au/education/jobsearch/qld_brisbane/Sydneyjobs.Com.Au_411582.html
Human Resource Partners,"Gpo Box 777, Brisbane, QLD, 4001",(07) 32296656,NA,NA,NA,NA,NA,NA,NA,NA,NA,NA,NA,NA,Job Search and Recruitment,"Professional Services,Job Search and Recruitment,QLD: Brisbane,Brisbane",https://www.startlocal.com.au/education/jobsearch/qld_brisbane/Human_Resource_Partners_411495.html
River City Personnel,"Po Box 2003, Ashgrove West, QLD, 4060",(07) 35111350,NA,NA,NA,NA,NA,NA,NA,NA,NA,NA,NA,NA,Job Search and Recruitment,"Professional Services,Job Search and Recruitment,QLD: Brisbane,Ashgrove West",https://www.startlocal.com.au/education/jobsearch/qld_brisbane/River_City_Personnel_1601708.html
Qld Intercultural Services,"Gpo Box 437, Brisbane, QLD, 4001",(07) 32293033,NA,NA,NA,NA,NA,NA,NA,NA,NA,NA,NA,NA,Job Search and Recruitment,"Professional Services,Job Search and Recruitment,QLD: Brisbane,Brisbane",https://www.startlocal.com.au/education/jobsearch/qld_brisbane/Qld_Intercultural_Services_411605.html
Focus Legal Recruitment,"Gpo Box 2616, Brisbane, QLD, 4001",(07) 32117769,NA,NA,NA,NA,NA,NA,NA,NA,NA,NA,NA,NA,Job Search and Recruitment,"Professional Services,Job Search and Recruitment,QLD: Brisbane,Brisbane",https://www.startlocal.com.au/education/jobsearch/qld_brisbane/Focus_Legal_Recruitment_411601.html
Data #3,"165 Moggill Rd, Taringa, QLD, 4068",(07) 33718088,NA,NA,NA,NA,NA,NA,NA,NA,NA,NA,NA,NA,Job Search and Recruitment,"Professional Services,Job Search and Recruitment,QLD: Brisbane,Taringa",https://www.startlocal.com.au/education/jobsearch/qld_brisbane/Data_3_1599441.html
Trademan Recruitment,"Po Box 1239, Indooroopilly, QLD, 4068",(07) 32028565,NA,NA,NA,NA,NA,NA,NA,NA,NA,NA,NA,NA,Job Search and Recruitment,"Professional Services,Job Search and Recruitment,QLD: Brisbane,Indooroopilly",https://www.startlocal.com.au/education/jobsearch/qld_brisbane/Trademan_Recruitment_1600558.html
Challenge,"621 Coronation Dr, Toowong, QLD, 4066",(07) 38704155,NA,NA,NA,NA,NA,NA,NA,NA,NA,NA,NA,NA,Job Search and Recruitment,"Professional Services,Job Search and Recruitment,QLD: Brisbane,Toowong",https://www.startlocal.com.au/education/jobsearch/qld_brisbane/Challenge_411683.html
Communicat Careers,"Toowong Village 9 Sherwood Rd, Toowong, QLD, 4066",(07) 38761266,NA,NA,NA,NA,NA,NA,NA,NA,NA,NA,NA,NA,Job Search and Recruitment,"Professional Services,Job Search and Recruitment,QLD: Brisbane,Toowong",https://www.startlocal.com.au/education/jobsearch/qld_brisbane/Communicat_Careers_411684.html
NA,"Unit 4 621 Coronation Dr, Toowong, QLD, 4066",(07) 38700288,NA,NA,NA,NA,NA,NA,NA,NA,NA,NA,NA,NA,Job Search and Recruitment,"Professional Services,Job Search and Recruitment,QLD: Brisbane,Toowong",https://www.startlocal.com.au/education/jobsearch/qld_brisbane/Recruitment_Top_411688.html
Brisbane Engineering Recruitment,"Toowong Village Level 5 9 Sherwood Rd, Toowong, QLD, 4066",(07) 33108900,NA,NA,NA,NA,NA,NA,NA,NA,NA,NA,NA,NA,Job Search and Recruitment,"Professional Services,Job Search and Recruitment,QLD: Brisbane,Toowong",https://www.startlocal.com.au/education/jobsearch/qld_brisbane/Brisbane_Engineering_Recruitment_1601442.html
Data #3 Group,"Level 2 80 Jephson St, Toowong, QLD, 4066",(07) 33718088,NA,NA,NA,NA,NA,NA,NA,NA,NA,NA,NA,NA,Job Search and Recruitment,"Professional Services,Job Search and Recruitment,QLD: Brisbane,Toowong",https://www.startlocal.com.au/education/jobsearch/qld_brisbane/Data_3_Group_1599442.html
People Arena,"Po Box 193, The Gap, QLD, 4061",(07) 33122399,http://www.peoplearena.com,NA,NA,NA,NA,NA,NA,NA,NA,NA,NA,NA,Job Search and Recruitment,"Professional Services,Job Search and Recruitment,QLD: Brisbane,The Gap",https://www.startlocal.com.au/education/jobsearch/qld_brisbane/People_Arena_411667.html
Teacher Appointments Pty Ltd,"54 Jephson St, Toowong, QLD, 4066",(07) 33714033,NA,NA,NA,NA,NA,NA,NA,NA,NA,NA,NA,NA,Job Search and Recruitment,"Professional Services,Job Search and Recruitment,QLD: Brisbane,Toowong",https://www.startlocal.com.au/education/jobsearch/qld_brisbane/Teacher_Appointments_Pty_Ltd_1600492.html
Aaai Group Aust-Asia Appointments International Pty Ltd,"Po Box 1130, Toowong, QLD, 4066",(07) 38318500,NA,NA,NA,NA,NA,NA,NA,NA,NA,NA,NA,NA,Job Search and Recruitment,"Professional Services,Job Search and Recruitment,QLD: Brisbane,Toowong",https://www.startlocal.com.au/education/jobsearch/qld_brisbane/Aaai_Group_Aust-Asia_Appointments_International_Pty_Ltd_1599029.html
Mission Australia: Inala,"1st Floor, Commonwealth Centre, 20 Wirraway Pde, Inala, QLD, 4077",(07) 37237800,http://www.missionaustralia.com.au,NA,NA,15000002522,---,---,9:00am - 12:00pm,---,---,---,---,---,Job Search and Recruitment,"Professional Services,Job Search and Recruitment,QLD: Brisbane,Inala",https://www.startlocal.com.au/education/jobsearch/qld_brisbane/Mission_Australia_Inala_411712.html
Westside Community Services Ltd,"133 Oxley Station Rd, Oxley, QLD, 4075",(07) 32781855,NA,NA,NA,NA,NA,NA,NA,NA,NA,NA,NA,NA,Job Search and Recruitment,"Professional Services,Job Search and Recruitment,QLD: Brisbane,Oxley",https://www.startlocal.com.au/education/jobsearch/qld_brisbane/Westside_Community_Services_Ltd_411713.html
Invo Personnel Pty Ltd,"18 Mermaid Pl, Sinnamon Park, QLD, 4073",0408 883264,NA,NA,NA,NA,NA,NA,NA,NA,NA,NA,NA,NA,Job Search and Recruitment,"Professional Services,Job Search and Recruitment,QLD: Brisbane,Sinnamon Park",https://www.startlocal.com.au/education/jobsearch/qld_brisbane/Invo_Personnel_Pty_Ltd_1599779.html
Minecap Solutions Pty Ltd,"By Appointment, Forest Lake, QLD, 4078",(07) 38796131,http://www.minecapsolutions.com.au,submit@hitmeplease.com.au,NA,NA,NA,NA,NA,NA,NA,NA,NA,NA,Job Search and Recruitment,"Professional Services,Job Search and Recruitment,QLD: Brisbane,Forest Lake",https://www.startlocal.com.au/education/jobsearch/qld_brisbane/Minecap_Solutions_Pty_Ltd_1905027.html
BoysTown: Inala,"Shop 44, Inala Ave, Inala Plaza, Inala, QLD, 4077",(07) 38774100,http://www.boystown.com.au,NA,NA,NA,NA,NA,NA,NA,NA,NA,NA,NA,Job Search and Recruitment,"Professional Services,Job Search and Recruitment,QLD: Brisbane,Inala",https://www.startlocal.com.au/education/jobsearch/qld_brisbane/BoysTown_Inala_2885668.html
Campbell Page Citrix: Inala,"Shop 55A, 156 Inala Ave,The Lakes Centre, Inala, QLD, 4077",(07) 30004560,http://www.campbellpage.com.au,NA,NA,NA,NA,NA,NA,NA,NA,NA,NA,NA,Job Search and Recruitment,"Professional Services,Job Search and Recruitment,QLD: Brisbane,Inala",https://www.startlocal.com.au/education/jobsearch/qld_brisbane/Campbell_Page_Citrix_Inala_2884320.html
The ORS Group: Inala,"46 Wirraway Pde, Inala, QLD, 4077",(07) 31770900,http://www.orsgroup.com.au,NA,NA,NA,NA,NA,NA,NA,NA,NA,NA,NA,Job Search and Recruitment,"Professional Services,Job Search and Recruitment,QLD: Brisbane,Inala",https://www.startlocal.com.au/education/jobsearch/qld_brisbane/The_ORS_Group_Inala_2884656.html
Max Employment: Inala,"Level 2, 20 Wirraway Pde, Centrelink Bldg, Inala, QLD, 4077",(07) 33735600,http://maxemployment.com.au,NA,NA,2147483647,NA,NA,NA,NA,NA,NA,NA,NA,Job Search and Recruitment,"Professional Services,Job Search and Recruitment,QLD: Brisbane,Inala",https://www.startlocal.com.au/education/jobsearch/qld_brisbane/Max_Employment_Inala_1600007.html
Sarina Russo Job Access: Inala,"Level 1, 20 Wirraway Pde, Commonwealth Centre, Inala, QLD, 4077",(07) 37146100,NA,NA,NA,NA,NA,NA,NA,NA,NA,NA,NA,NA,Job Search and Recruitment,"Professional Services,Job Search and Recruitment,QLD: Brisbane,Inala",https://www.startlocal.com.au/education/jobsearch/qld_brisbane/Sarina_Russo_Job_Access_Inala_411715.html
The Salvation Army Employment Plus: Inala,"Suite 1, 147 Inala Ave, Inala, QLD, 4077",136 123,https://www.employmentplus.com.au,NA,NA,NA,8:30am - 5:30pm,8:30am - 5:30pm,8:30am - 5:30pm,8:30am - 5:30pm,8:30am - 5:30pm,---,---,---,"Employment - Labour Hire,Training and Development Specialists,Job Search and Recruitment","Business Services,Employment - Labour Hire,QLD: Brisbane,Inala,Business Services,Training and Development Specialists,QLD: Brisbane,Inala,Professional Services,Job Search and Recruitment,QLD: Brisbane,Inala",https://www.startlocal.com.au/education/jobsearch/qld_brisbane/The_Salvation_Army_Employment_Plus_Inala_2886618.html
South West Economic Development Network Inc,"Block F Brember Tafe Campus Poinsettia St, Richlands, QLD, 4077",(07) 33720400,NA,NA,NA,NA,NA,NA,NA,NA,NA,NA,NA,NA,Job Search and Recruitment,"Professional Services,Job Search and Recruitment,QLD: Brisbane,Richlands",https://www.startlocal.com.au/education/jobsearch/qld_brisbane/South_West_Economic_Development_Network_Inc_1600407.html
Link Personnel,"19-21 Neumann Rd, Capalaba, QLD, 4157",(07) 38233388,NA,NA,NA,NA,NA,NA,NA,NA,NA,NA,NA,NA,Job Search and Recruitment,"Professional Services,Job Search and Recruitment,QLD: Brisbane,Capalaba",https://www.startlocal.com.au/education/jobsearch/qld_brisbane/Link_Personnel_411805.html
Southern Cross Personnel: Inala,"PO Box 354, Inala, QLD, 4077",(07) 31172340,http://www.southerncrosspersonnel.com.au,NA,NA,NA,NA,NA,NA,NA,NA,NA,NA,NA,Job Search and Recruitment,"Professional Services,Job Search and Recruitment,QLD: Brisbane,Inala",https://www.startlocal.com.au/education/jobsearch/qld_brisbane/Southern_Cross_Personnel_Inala_2885750.html
Dental Employment Services,"7 Kilroe Ct, Ormiston, QLD, 4160",(07) 38213551,NA,NA,NA,NA,NA,NA,NA,NA,NA,NA,NA,NA,Job Search and Recruitment,"Professional Services,Job Search and Recruitment,QLD: Brisbane,Ormiston",https://www.startlocal.com.au/education/jobsearch/qld_brisbane/Dental_Employment_Services_1599451.html
Redlands Recruitment,"77 Shore St West, Cleveland, QLD, 4163",(07) 32867398,NA,NA,NA,NA,NA,NA,NA,NA,NA,NA,NA,NA,Job Search and Recruitment,"Professional Services,Job Search and Recruitment,QLD: Brisbane,Cleveland",https://www.startlocal.com.au/education/jobsearch/qld_brisbane/Redlands_Recruitment_411812.html
Jobs Association,"41 Smith St, Cleveland, QLD, 4163",(07) 32864855,NA,NA,NA,NA,NA,NA,NA,NA,NA,NA,NA,NA,Job Search and Recruitment,"Professional Services,Job Search and Recruitment,QLD: Brisbane,Cleveland",https://www.startlocal.com.au/education/jobsearch/qld_brisbane/Jobs_Association_1599845.html
Max Employment: Cleveland,"Suite 4, 124 Queen St, Village Square Shopping Centre, Cleveland, QLD, 4163",(07) 38213088,http://maxemployment.com.au,NA,NA,2147483647,NA,NA,NA,NA,NA,NA,NA,NA,Job Search and Recruitment,"Professional Services,Job Search and Recruitment,QLD: Brisbane,Cleveland",https://www.startlocal.com.au/education/jobsearch/qld_brisbane/Max_Employment_Cleveland_1600011.html
People Online,"Po Box 1063, Indooroopilly, QLD, 4068",(07) 33743405,NA,NA,NA,NA,NA,NA,NA,NA,NA,NA,NA,NA,Job Search and Recruitment,"Professional Services,Job Search and Recruitment,QLD: Brisbane,Indooroopilly",https://www.startlocal.com.au/education/jobsearch/qld_brisbane/People_Online_411700.html
Nt3 Recruiting,"Po Box 7387, Redland Bay, QLD, 4165",(07) 38293333,NA,NA,NA,NA,NA,NA,NA,NA,NA,NA,NA,NA,Job Search and Recruitment,"Professional Services,Job Search and Recruitment,QLD: Brisbane,Redland Bay",https://www.startlocal.com.au/education/jobsearch/qld_brisbane/Nt3_Recruiting_1601667.html
Max Employment: Victoria Point,"Shop E26-E27, 2-30 Bunker Rd, Victoria Point Shopping Centre, Victoria Point, QLD, 4165",(07) 38294200,http://maxemployment.com.au,NA,NA,2147483647,NA,NA,NA,NA,NA,NA,NA,NA,Job Search and Recruitment,"Professional Services,Job Search and Recruitment,QLD: Brisbane,Victoria Point",https://www.startlocal.com.au/education/jobsearch/qld_brisbane/Max_Employment_Victoria_Point_1600989.html
Dmp Recruitment Specialists,"Po Box 7478, Redland Bay, QLD, 4165",(07) 32068400,NA,NA,NA,NA,NA,NA,NA,NA,NA,NA,NA,NA,Job Search and Recruitment,"Professional Services,Job Search and Recruitment,QLD: Brisbane,Redland Bay",https://www.startlocal.com.au/education/jobsearch/qld_brisbane/Dmp_Recruitment_Specialists_1601497.html
Integrity Recruitment,"9 Jijaws St, Sumner, QLD, 4074",(07) 32797285,NA,NA,NA,NA,NA,NA,NA,NA,NA,NA,NA,NA,Job Search and Recruitment,"Professional Services,Job Search and Recruitment,QLD: Brisbane,Sumner",https://www.startlocal.com.au/education/jobsearch/qld_brisbane/Integrity_Recruitment_1600982.html
Staff Express,"Unit 13 14 Argon St, Sumner, QLD, 4074",(07) 37156300,NA,NA,NA,NA,NA,NA,NA,NA,NA,NA,NA,NA,Job Search and Recruitment,"Professional Services,Job Search and Recruitment,QLD: Brisbane,Sumner",https://www.startlocal.com.au/education/jobsearch/qld_brisbane/Staff_Express_1600986.html
Macquarie People: Wacol,"Unit 3, 1236 Boundary Rd, Wacol, QLD, 4076",(07) 32714166,http://www.macquariepeople.com,NA,NA,NA,NA,NA,NA,NA,NA,NA,NA,NA,Job Search and Recruitment,"Professional Services,Job Search and Recruitment,QLD: Brisbane,Wacol",https://www.startlocal.com.au/education/jobsearch/qld_brisbane/Macquarie_People_Wacol_2886480.html
Challenge Recruitment Ltd: Wacol,"Unit 3, 1236 Boundary Rd, Wacol, QLD, 4076",(07) 32714064,http://www.challengeltd.com,NA,NA,NA,NA,NA,NA,NA,NA,NA,NA,NA,Job Search and Recruitment,"Professional Services,Job Search and Recruitment,QLD: Brisbane,Wacol",https://www.startlocal.com.au/education/jobsearch/qld_brisbane/Challenge_Recruitment_Ltd_Wacol_2885012.html
Development Careers Pty Ltd,"Po Box 4339, Springfield, QLD, 4300",(07) 33818337,NA,NA,NA,NA,NA,NA,NA,NA,NA,NA,NA,NA,Job Search and Recruitment,"Professional Services,Job Search and Recruitment,QLD: Brisbane,Springfield",https://www.startlocal.com.au/education/jobsearch/qld_brisbane/Development_Careers_Pty_Ltd_1601211.html
Mission Australia: Woodridge,"7 Station Rd, Woodridge, QLD, 4114",(07) 34413100,http://www.missionaustralia.com.au,NA,NA,15000002522,9:00am - 5:00pm,9:00am - 5:00pm,9:00am - 5:00pm,9:00am - 5:00pm,9:00am - 5:00pm,---,---,---,Job Search and Recruitment,"Professional Services,Job Search and Recruitment,QLD: Brisbane,Woodridge",https://www.startlocal.com.au/education/jobsearch/qld_brisbane/Mission_Australia_Woodridge_1600085.html
Racestaff (Aust) Pty Ltd,"Po Box 1884, Cleveland Dc, QLD, 4163",(07) 38216452,NA,NA,NA,NA,NA,NA,NA,NA,NA,NA,NA,NA,Job Search and Recruitment,"Professional Services,Job Search and Recruitment,QLD: Brisbane,Cleveland Dc",https://www.startlocal.com.au/education/jobsearch/qld_brisbane/Racestaff_Aust_Pty_Ltd_1600271.html
Redlands Employment Placement Service (Reps),"41 Smith St, Cleveland, QLD, 4163",(07) 38216090,NA,NA,NA,NA,NA,NA,NA,NA,NA,NA,NA,NA,Job Search and Recruitment,"Professional Services,Job Search and Recruitment,QLD: Brisbane,Cleveland",https://www.startlocal.com.au/education/jobsearch/qld_brisbane/Redlands_Employment_Placement_Service_Reps__1600297.html
Active Selection,"Po Box 4271, Springfield, QLD, 4300",(07) 30140560,NA,NA,NA,NA,NA,NA,NA,NA,NA,NA,NA,NA,Job Search and Recruitment,"Professional Services,Job Search and Recruitment,QLD: Brisbane,Springfield",https://www.startlocal.com.au/education/jobsearch/qld_brisbane/Active_Selection_1601396.html
The Salvation Army Employment Plus: Goodna,"Shop 52 & 52A, St Ives Shopping Centre, 2 Smiths Rd, Goodna, QLD, 4300",136 123,https://www.employmentplus.com.au,NA,NA,NA,8:30am - 5:30pm,8:30am - 5:30pm,8:30am - 5:30pm,8:30am - 5:30pm,8:30am - 5:30pm,---,---,---,"Employment - Labour Hire,Training and Development Specialists,Job Search and Recruitment","Business Services,Employment - Labour Hire,QLD: Brisbane,Goodna,Business Services,Training and Development Specialists,QLD: Brisbane,Goodna,Professional Services,Job Search and Recruitment,QLD: Brisbane,Goodna",https://www.startlocal.com.au/education/jobsearch/qld_brisbane/The_Salvation_Army_Employment_Plus_Goodna_2886614.html
One Practice,"3227 Moggill Rd, Bellbowrie, QLD, 4070",0412 422859,NA,NA,NA,NA,NA,NA,NA,NA,NA,NA,NA,NA,Job Search and Recruitment,"Professional Services,Job Search and Recruitment,QLD: Brisbane,Bellbowrie",https://www.startlocal.com.au/education/jobsearch/qld_brisbane/One_Practice_411705.html
The Right Step For You,"8 Cedrela St, Moggill, QLD, 4070",(07) 32025602,NA,NA,NA,NA,NA,NA,NA,NA,NA,NA,NA,NA,Job Search and Recruitment,"Professional Services,Job Search and Recruitment,QLD: Brisbane,Moggill",https://www.startlocal.com.au/education/jobsearch/qld_brisbane/The_Right_Step_For_You_411706.html
Artius: Disability Employment Services-Goodna,"33 Queen St, Goodna Neighbourhood Place, Goodna, QLD, 4300",1300 892 449,http://www.artius.com.au/vocational-rehabilitation,info@artius.com.au,NA,NA,9:00am - 5:00pm,9:00am - 5:00pm,9:00am - 5:00pm,9:00am - 5:00pm,9:00am - 5:00pm,---,---,---,Job Search and Recruitment,"Professional Services,Job Search and Recruitment,QLD: Brisbane,Goodna",https://www.startlocal.com.au/education/jobsearch/qld_brisbane/Artius_Disability_Employment_Services-Goodna_1913253.html
Era Recruitment,"Po Box 30, Cleveland, QLD, 4163",(07) 32067742,NA,NA,NA,NA,NA,NA,NA,NA,NA,NA,NA,NA,Job Search and Recruitment,"Professional Services,Job Search and Recruitment,QLD: Brisbane,Cleveland",https://www.startlocal.com.au/education/jobsearch/qld_brisbane/Era_Recruitment_411810.html
Ipswich Region Schools & Industry Links,"Naomai St, Bundamba, QLD, 4304",(07) 38166255,NA,NA,NA,NA,NA,NA,NA,NA,NA,NA,NA,NA,Job Search and Recruitment,"Professional Services,Job Search and Recruitment,QLD: Brisbane,Bundamba",https://www.startlocal.com.au/education/jobsearch/qld_brisbane/Ipswich_Region_Schools_Industry_Links_411910.html
Max Employment: Goodna,"21 Queen St, Goodna, QLD, 4300",(07) 32809500,http://maxemployment.com.au,NA,NA,NA,NA,NA,NA,NA,NA,NA,NA,NA,Job Search and Recruitment,"Professional Services,Job Search and Recruitment,QLD: Brisbane,Goodna",https://www.startlocal.com.au/education/jobsearch/qld_brisbane/Max_Employment_Goodna_2193858.html
Abt Recruitment - Acccounting Business Technology,"Level 1 133 Mary St, Brisbane, QLD, 4000",(07) 31050400,http://www.abtrecruitment.com.au,NA,NA,NA,NA,NA,NA,NA,NA,NA,NA,NA,Job Search and Recruitment,"Professional Services,Job Search and Recruitment,QLD: Brisbane,Brisbane",https://www.startlocal.com.au/education/jobsearch/qld_brisbane/Abt_Recruitment_-_Acccounting_Business_Technology_411435.html
Hays Accountancy & Finance: North Ipswich,"Suite C01, Cnr Downs St & The Terrace, Riverlinks, North Ipswich, QLD, 4305",(07) 38171901,http://www.hays.com.au,NA,NA,NA,NA,NA,NA,NA,NA,NA,NA,NA,Job Search and Recruitment,"Professional Services,Job Search and Recruitment,QLD: Brisbane,North Ipswich",https://www.startlocal.com.au/education/jobsearch/qld_brisbane/Hays_Accountancy_Finance_North_Ipswich_2885148.html
Workforce Personnel,"Po Box 792, Booval, QLD, 4304",(07) 38120238,http://www.workforcepersonnel.com.au,NA,NA,NA,NA,NA,NA,NA,NA,NA,NA,NA,Job Search and Recruitment,"Professional Services,Job Search and Recruitment,QLD: Brisbane,Booval",https://www.startlocal.com.au/education/jobsearch/qld_brisbane/Workforce_Personnel_1600655.html
Abt Recruitment,"Level 1 133 Mary St, Brisbane, QLD, 4000",(07) 32210150,NA,NA,NA,NA,NA,NA,NA,NA,NA,NA,NA,NA,Job Search and Recruitment,"Professional Services,Job Search and Recruitment,QLD: Brisbane,Brisbane",https://www.startlocal.com.au/education/jobsearch/qld_brisbane/Abt_Recruitment_411434.html
Dfp Recruitment Services,"Suite 3 Level 6, Brisbane, QLD, 4000",(07) 32295565,NA,NA,NA,NA,NA,NA,NA,NA,NA,NA,NA,NA,Job Search and Recruitment,"Professional Services,Job Search and Recruitment,QLD: Brisbane,Brisbane",https://www.startlocal.com.au/education/jobsearch/qld_brisbane/Dfp_Recruitment_Services_411469.html
Artius: Disability Employment Services-Ipswich,"Ground Floor, 38 Limestone St, Ipswich, QLD, 4305",1300 892 449,http://www.artius.com.au/vocational-rehabilitation,info@artius.com.au,NA,NA,9:00am - 5:00pm,9:00am - 5:00am,9:00am - 5:00am,9:00am - 5:00pm,9:00am - 5:00pm,---,---,---,Job Search and Recruitment,"Professional Services,Job Search and Recruitment,QLD: Brisbane,Ipswich",https://www.startlocal.com.au/education/jobsearch/qld_brisbane/Artius_Disability_Employment_Services-Ipswich_1913247.html
Ipswich & Lockyer Valley Personnel Agency,"Qceu Building 16 East St, Ipswich, QLD, 4305",(07) 32021244,NA,NA,NA,NA,NA,NA,NA,NA,NA,NA,NA,NA,Job Search and Recruitment,"Professional Services,Job Search and Recruitment,QLD: Brisbane,Ipswich",https://www.startlocal.com.au/education/jobsearch/qld_brisbane/Ipswich_Lockyer_Valley_Personnel_Agency_411914.html
Integrated Group: Ipswich,"225 Brisbane St, Ipswich, QLD, 4305",(07) 33814400,http://www.programmed.com.au,NA,NA,NA,NA,NA,NA,NA,NA,NA,NA,NA,Job Search and Recruitment,"Professional Services,Job Search and Recruitment,QLD: Brisbane,Ipswich",https://www.startlocal.com.au/education/jobsearch/qld_brisbane/Integrated_Group_Ipswich_2885522.html
Bullseye Recruitment,"Qceu Building Suite 2 16 East St, Ipswich, QLD, 4305",(07) 32813633,NA,NA,NA,NA,NA,NA,NA,NA,NA,NA,NA,NA,Job Search and Recruitment,"Professional Services,Job Search and Recruitment,QLD: Brisbane,Ipswich",https://www.startlocal.com.au/education/jobsearch/qld_brisbane/Bullseye_Recruitment_1600983.html
Max Employment: Ipswich,"Level 1, 114 Brisbane St, Ipswich, QLD, 4305",(07) 38170700,http://maxemployment.com.au,NA,NA,2147483647,NA,NA,NA,NA,NA,NA,NA,NA,Job Search and Recruitment,"Professional Services,Job Search and Recruitment,QLD: Brisbane,Ipswich",https://www.startlocal.com.au/education/jobsearch/qld_brisbane/Max_Employment_Ipswich_1600006.html
Nationwide Employment Agencies Pty Ltd,"60 Downs St, North Ipswich, QLD, 4305",(07) 38124002,NA,NA,NA,NA,NA,NA,NA,NA,NA,NA,NA,NA,Job Search and Recruitment,"Professional Services,Job Search and Recruitment,QLD: Brisbane,North Ipswich",https://www.startlocal.com.au/education/jobsearch/qld_brisbane/Nationwide_Employment_Agencies_Pty_Ltd_1600110.html
BoysTown: Ipswich,"Level 4, 143 Brisbane St, CBA Bldg, Ipswich, QLD, 4305",(07) 38123155,http://www.boystown.com.au,NA,NA,NA,NA,NA,NA,NA,NA,NA,NA,NA,Job Search and Recruitment,"Professional Services,Job Search and Recruitment,QLD: Brisbane,Ipswich",https://www.startlocal.com.au/education/jobsearch/qld_brisbane/BoysTown_Ipswich_2885666.html
The Salvation Army Employment Plus: Ipswich,"Shop 4-8, Grand Plaza, 87 Brisbane St, Ipswich, QLD, 4305",136 123,https://www.employmentplus.com.au,NA,NA,NA,8:30am - 5:30pm,8:30am - 5:30pm,8:30am - 5:30pm,8:30am - 9:00pm,8:30am - 5:30pm,9:00am - 12:00pm,---,---,"Employment - Labour Hire,Training and Development Specialists,Job Search and Recruitment","Business Services,Employment - Labour Hire,QLD: Brisbane,Ipswich,Business Services,Training and Development Specialists,QLD: Brisbane,Ipswich,Professional Services,Job Search and Recruitment,QLD: Brisbane,Ipswich",https://www.startlocal.com.au/education/jobsearch/qld_brisbane/The_Salvation_Army_Employment_Plus_Ipswich_2886620.html
Heritage Recruitment,"Level 5 2 Bell St, Ipswich, QLD, 4305",(07) 38139700,NA,NA,NA,NA,NA,NA,NA,NA,NA,NA,NA,NA,Job Search and Recruitment,"Professional Services,Job Search and Recruitment,QLD: Brisbane,Ipswich",https://www.startlocal.com.au/education/jobsearch/qld_brisbane/Heritage_Recruitment_1599679.html
Challenge Employment & Training,"5 Foote Lane, Ipswich, QLD, 4305",(07) 32811976,NA,NA,NA,NA,NA,NA,NA,NA,NA,NA,NA,NA,Job Search and Recruitment,"Professional Services,Job Search and Recruitment,QLD: Brisbane,Ipswich",https://www.startlocal.com.au/education/jobsearch/qld_brisbane/Challenge_Employment_Training_1599338.html
IPA Personnel Pty Ltd: Ipswich,"Suite 301, Level 3, 20 Ipswich City Mall, Ipswich, QLD, 4305",(07) 32816577,http://www.ipa.com.au,NA,NA,NA,NA,NA,NA,NA,NA,NA,NA,NA,Job Search and Recruitment,"Professional Services,Job Search and Recruitment,QLD: Brisbane,Ipswich",https://www.startlocal.com.au/education/jobsearch/qld_brisbane/IPA_Personnel_Pty_Ltd_Ipswich_411913.html
NA,"9 Darling St, Ipswich, QLD, 4305",(07) 38122920,http://www.topoffice.com.au,NA,NA,NA,NA,NA,NA,NA,NA,NA,NA,NA,Job Search and Recruitment,"Professional Services,Job Search and Recruitment,QLD: Brisbane,Ipswich",https://www.startlocal.com.au/education/jobsearch/qld_brisbane/Recruitment_Top_411919.html
Work Venture (Qld) Ltd,"Level 5 2 Bell St, Ipswich, QLD, 4305",(07) 38139777,NA,NA,NA,NA,NA,NA,NA,NA,NA,NA,NA,NA,Job Search and Recruitment,"Professional Services,Job Search and Recruitment,QLD: Brisbane,Ipswich",https://www.startlocal.com.au/education/jobsearch/qld_brisbane/Work_Venture_Qld_Ltd_411920.html
Apprenticeships Queensland,"331 Brisbane St West, Ipswich, QLD, 4305",(07) 32819822,http://www.apprenticeshipsqld.com.au,NA,NA,NA,NA,NA,NA,NA,NA,NA,NA,NA,Job Search and Recruitment,"Professional Services,Job Search and Recruitment,QLD: Brisbane,Ipswich",https://www.startlocal.com.au/education/jobsearch/qld_brisbane/Apprenticeships_Queensland_1599155.html
Jobwire: Fortitude Valley,"Suite 15, Level 2, 354 Brunswick St, Fortitude Valley, QLD, 4006",(07) 38526661,http://www.jobwire.com.au,NA,NA,NA,NA,NA,NA,NA,NA,NA,NA,NA,Job Search and Recruitment,"Professional Services,Job Search and Recruitment,QLD: Brisbane,Fortitude Valley",https://www.startlocal.com.au/education/jobsearch/qld_brisbane/Jobwire_Fortitude_Valley_2884216.html
Mission Australia: St George,"78 St George Tce, St George, QLD, 4487",(07) 4625 1827,http://www.missionaustralia.com.au,NA,NA,15000002522,9:00am - 5:00pm,9:00am - 5:00pm,9:00am - 5:00pm,9:00am - 5:00pm,9:00am - 5:00pm,---,---,---,Job Search and Recruitment,"Professional Services,Job Search and Recruitment,QLD: Toowoomba,St George",https://www.startlocal.com.au/education/jobsearch/qld_toowoomba/Mission_Australia_St_George_411916.html
Recruitment Central,"Level 1 36 Agnes St, Fortitude Valley, QLD, 4006",(07) 32572750,NA,NA,NA,NA,NA,NA,NA,NA,NA,NA,NA,NA,Job Search and Recruitment,"Professional Services,Job Search and Recruitment,QLD: Brisbane,Fortitude Valley",https://www.startlocal.com.au/education/jobsearch/qld_brisbane/Recruitment_Central_1600285.html
WorkPac Smarter Recruitment: Fortitude Valley,"Level 1, 182 Robertson St, Fortitude Valley, QLD, 4006",(07) 32512222,http://www.workpac.com,NA,NA,NA,NA,NA,NA,NA,NA,NA,NA,NA,Job Search and Recruitment,"Professional Services,Job Search and Recruitment,QLD: Brisbane,Fortitude Valley",https://www.startlocal.com.au/education/jobsearch/qld_brisbane/WorkPac_Smarter_Recruitment_Fortitude_Valley_2886268.html
Jigsaw Consulting Group,"Suite 1A, 70 Prospect Tce, Kelvin Grove, QLD, 4059",(07) 33511588,http://www.jigsawconsultinggroup.com.au,NA,NA,NA,NA,NA,NA,NA,NA,NA,NA,NA,Job Search and Recruitment,"Professional Services,Job Search and Recruitment,QLD: Brisbane,Kelvin Grove",https://www.startlocal.com.au/education/jobsearch/qld_brisbane/Jigsaw_Consulting_Group_2885470.html
Max Employment: Fortitude Valley,"Level 1, 148 Brunswick St, Bldg C, Fortitude Valley, QLD, 4006",(07) 36664600,http://maxemployment.com.au,NA,NA,2147483647,NA,NA,NA,NA,NA,NA,NA,NA,Job Search and Recruitment,"Professional Services,Job Search and Recruitment,QLD: Brisbane,Fortitude Valley",https://www.startlocal.com.au/education/jobsearch/qld_brisbane/Max_Employment_Fortitude_Valley_2749015.html
Syzygy People Pty Ltd,"115 Wickham St, 23 Cathedral Village, Fortitude Valley, QLD, 4006",(07) 38522475,http://www.syzygycorp.com.au,andrea.mchutchon@syzygycorp.com.au,2000,NA,9:00am - 5:00pm,9:00am - 5:00pm,9:00am - 5:00pm,9:00am - 5:00pm,9:00am - 5:00pm,9:00am - 5:00pm,9:00am - 5:00pm,---,Job Search and Recruitment,"Professional Services,Job Search and Recruitment,QLD: Brisbane,Fortitude Valley",https://www.startlocal.com.au/education/jobsearch/qld_brisbane/Syzygy_People_Pty_Ltd_1904323.html
Sarina Russo Job Access: Fortitude Valley,"Level 2, 360 Saint Pauls Tce, Fortitude Valley, QLD, 4006",(07) 32506200,http://sarinarusso.com.au/,NA,NA,NA,NA,NA,NA,NA,NA,NA,NA,NA,Job Search and Recruitment,"Professional Services,Job Search and Recruitment,QLD: Brisbane,Fortitude Valley",https://www.startlocal.com.au/education/jobsearch/qld_brisbane/Sarina_Russo_Job_Access_Fortitude_Valley_411623.html
Select Industrial,"Unit 19 76 Doggett St, Newstead, QLD, 4006",(07) 32573844,http://www.selectindustrial.com.au,NA,NA,NA,NA,NA,NA,NA,NA,NA,NA,NA,Job Search and Recruitment,"Professional Services,Job Search and Recruitment,QLD: Brisbane,Newstead",https://www.startlocal.com.au/education/jobsearch/qld_brisbane/Select_Industrial_411625.html
M R J W General Placement Agency,"128 Brunswick St, Fortitude Valley, QLD, 4006",(07) 32161455,NA,NA,NA,NA,NA,NA,NA,NA,NA,NA,NA,NA,Job Search and Recruitment,"Professional Services,Job Search and Recruitment,QLD: Brisbane,Fortitude Valley",https://www.startlocal.com.au/education/jobsearch/qld_brisbane/M_R_J_W_General_Placement_Agency_1599954.html
Targeted Resourcing Solutions,"Unit 7, 22 Master St, Newstead, QLD, 4006",1300 760 413,http://www.targeted.com.au,web@targeted.com.au,2004,NA,9:00am - 5:30pm,9:00am - 5:30pm,9:00am - 5:30pm,9:00am - 5:30pm,9:00am - 5:30pm,---,---,---,Job Search and Recruitment,"Professional Services,Job Search and Recruitment,QLD: Brisbane,Newstead",https://www.startlocal.com.au/education/jobsearch/qld_brisbane/Targeted_Resourcing_Solutions_1859134.html
Ployme+S=,"28 Baxter St, Fortitude Valley, QLD, 4006",(07) 38523232,NA,NA,NA,NA,NA,NA,NA,NA,NA,NA,NA,NA,Job Search and Recruitment,"Professional Services,Job Search and Recruitment,QLD: Brisbane,Fortitude Valley",https://www.startlocal.com.au/education/jobsearch/qld_brisbane/Ployme_S__1601216.html
Jobx Ltd,"K-Tower Unit 33 269 Wickham St, Fortitude Valley, QLD, 4006",(07) 36660777,http://www.jobx.com.au,NA,NA,NA,NA,NA,NA,NA,NA,NA,NA,NA,Job Search and Recruitment,"Professional Services,Job Search and Recruitment,QLD: Brisbane,Fortitude Valley",https://www.startlocal.com.au/education/jobsearch/qld_brisbane/Jobx_Ltd_1601376.html
Queensland Hospitality & Security Staff,"212 Constance St, Fortitude Valley, QLD, 4006",(07) 32570020,NA,NA,NA,NA,NA,NA,NA,NA,NA,NA,NA,NA,Job Search and Recruitment,"Professional Services,Job Search and Recruitment,QLD: Brisbane,Fortitude Valley",https://www.startlocal.com.au/education/jobsearch/qld_brisbane/Queensland_Hospitality_Security_Staff_411620.html
Corus People Solutions,"2/581 St Pauls Tce, Bowen Hills, QLD, 4006",(07) 32203744,NA,NA,NA,NA,NA,NA,NA,NA,NA,NA,NA,NA,Job Search and Recruitment,"Professional Services,Job Search and Recruitment,QLD: Brisbane,Bowen Hills",https://www.startlocal.com.au/education/jobsearch/qld_brisbane/Corus_People_Solutions_1601475.html
Qld Apprenticeship Services,"Level 3 527 Gregory Tce, Fortitude Valley, QLD, 4006",(07) 33537777,NA,NA,NA,NA,NA,NA,NA,NA,NA,NA,NA,NA,Job Search and Recruitment,"Professional Services,Job Search and Recruitment,QLD: Brisbane,Fortitude Valley",https://www.startlocal.com.au/education/jobsearch/qld_brisbane/Qld_Apprenticeship_Services_1600984.html
Head Hunters International Brisbane,"Unit 4 5-7 O'Connell Tce, Bowen Hills, QLD, 4006",(07) 32571154,NA,NA,NA,NA,NA,NA,NA,NA,NA,NA,NA,NA,Job Search and Recruitment,"Professional Services,Job Search and Recruitment,QLD: Brisbane,Bowen Hills",https://www.startlocal.com.au/education/jobsearch/qld_brisbane/Head_Hunters_International_Brisbane_411614.html
Trojan Recruitment Group: Bowen Hills,"Unit 2, 581 St. Pauls Tce, Bowen Hills, QLD, 4006",(07) 32203722,http://www.trojanworkforce.com.au,NA,NA,NA,9:00am - 5:00pm,9:00am - 5:00pm,9:00am - 5:00pm,9:00am - 5:00pm,9:00am - 5:00pm,9:00am - 5:00pm,9:00am - 5:00pm,---,Job Search and Recruitment,"Professional Services,Job Search and Recruitment,QLD: Brisbane,Bowen Hills",https://www.startlocal.com.au/education/jobsearch/qld_brisbane/Trojan_Recruitment_Group_Bowen_Hills_1901401.html
Science People,"Royal Brisbane Place Office 25 17 Bowen Bridge Rd, Herston, QLD, 4006",(07) 32161522,http://www.sciencepeople.com.au,NA,NA,NA,NA,NA,NA,NA,NA,NA,NA,NA,Job Search and Recruitment,"Professional Services,Job Search and Recruitment,QLD: Brisbane,Herston",https://www.startlocal.com.au/education/jobsearch/qld_brisbane/Science_People_411624.html
Integrated Group: Bowen Hills,"581 St Pauls Tce, Bowen Hills, QLD, 4006",(07) 36346666,http://www.programmed.com.au,NA,NA,NA,NA,NA,NA,NA,NA,NA,NA,NA,Job Search and Recruitment,"Professional Services,Job Search and Recruitment,QLD: Brisbane,Bowen Hills",https://www.startlocal.com.au/education/jobsearch/qld_brisbane/Integrated_Group_Bowen_Hills_2885520.html
Prestigious Hospitality Company Your,"Po Box 249, Lutwyche, QLD, 4030",(07) 32527808,NA,NA,NA,NA,NA,NA,NA,NA,NA,NA,NA,NA,Job Search and Recruitment,"Professional Services,Job Search and Recruitment,QLD: Brisbane,Lutwyche",https://www.startlocal.com.au/education/jobsearch/qld_brisbane/Prestigious_Hospitality_Company_Your_411645.html
Cord Recruitment Group: Bowen Hills,"Unit 7, 39 Jeays St, Bowen Hills, QLD, 4006",(07) 30004688,http://www.cord.com.au,NA,NA,NA,NA,NA,NA,NA,NA,NA,NA,NA,Job Search and Recruitment,"Professional Services,Job Search and Recruitment,QLD: Brisbane,Bowen Hills",https://www.startlocal.com.au/education/jobsearch/qld_brisbane/Cord_Recruitment_Group_Bowen_Hills_2884482.html
Geeksrgood,"10a/31 Thompson St, Bowen Hills, QLD, 4006",(07) 38526755,NA,NA,NA,NA,NA,NA,NA,NA,NA,NA,NA,NA,Job Search and Recruitment,"Professional Services,Job Search and Recruitment,QLD: Brisbane,Bowen Hills",https://www.startlocal.com.au/education/jobsearch/qld_brisbane/Geeksrgood_1599611.html
Access Employment Service,"6 Edmondstone Rd, Bowen Hills, QLD, 4006",(07) 32524766,NA,NA,NA,NA,NA,NA,NA,NA,NA,NA,NA,NA,"Disability Support Services,Job Search and Recruitment","Organisations and Government,Disability Support Services,QLD: Brisbane,Bowen Hills,Professional Services,Job Search and Recruitment,QLD: Brisbane,Bowen Hills",https://www.startlocal.com.au/education/jobsearch/qld_brisbane/Access_Employment_Service_411607.html
Sales Image,"10 Honeywood St, Sunnybank Hills, QLD, 4109",(07) 32737044,NA,NA,NA,NA,NA,NA,NA,NA,NA,NA,NA,NA,Job Search and Recruitment,"Professional Services,Job Search and Recruitment,QLD: Brisbane,Sunnybank Hills",https://www.startlocal.com.au/education/jobsearch/qld_brisbane/Sales_Image_1600338.html
First Choice Recruitment,"Level 2 38 Hudson Rd, Albion, QLD, 4010",(07) 38622222,http://www.firstchoicerecruit.com.au,NA,NA,NA,NA,NA,NA,NA,NA,NA,NA,NA,Job Search and Recruitment,"Professional Services,Job Search and Recruitment,QLD: Brisbane,Albion",https://www.startlocal.com.au/education/jobsearch/qld_brisbane/First_Choice_Recruitment_1601345.html
Engage: Brisbane,"Level 1, 875 Ann St, Fortitude Valley, QLD, 4006",(07) 37166600,http://www.ngage.com.au,NA,NA,64436181197,NA,NA,NA,NA,NA,NA,NA,NA,Job Search and Recruitment,"Professional Services,Job Search and Recruitment,QLD: Brisbane,Fortitude Valley",https://www.startlocal.com.au/education/jobsearch/qld_brisbane/Engage_Brisbane_2885338.html
Office Training Services,"84 Cinderella Dr, Springwood, QLD, 4127",(07) 32995340,NA,NA,NA,NA,NA,NA,NA,NA,NA,NA,NA,NA,Job Search and Recruitment,"Professional Services,Job Search and Recruitment,QLD: Brisbane,Springwood",https://www.startlocal.com.au/education/jobsearch/qld_brisbane/Office_Training_Services_1601674.html
Australian Accounting For Small Business Pty Ltd,"15 Commoron Cres, Sunnybank Hills, QLD, 4109",(07) 32721033,NA,NA,NA,NA,NA,NA,NA,NA,NA,NA,NA,NA,Job Search and Recruitment,"Professional Services,Job Search and Recruitment,QLD: Brisbane,Sunnybank Hills",https://www.startlocal.com.au/education/jobsearch/qld_brisbane/Australian_Accounting_For_Small_Business_Pty_Ltd_1601207.html
Epic Employment Service Inc,"Level 1 230 Lutwyche Rd, Windsor, QLD, 4030",(07) 38575085,NA,NA,NA,NA,NA,NA,NA,NA,NA,NA,NA,NA,Job Search and Recruitment,"Professional Services,Job Search and Recruitment,QLD: Brisbane,Windsor",https://www.startlocal.com.au/education/jobsearch/qld_brisbane/Epic_Employment_Service_Inc_411644.html
Sarina Russo Job Access: Logan Central,"Unit 1, 6-12 Ewing Rd, Logan Central, QLD, 4114",(07) 33865400,NA,NA,NA,NA,NA,NA,NA,NA,NA,NA,NA,NA,Job Search and Recruitment,"Professional Services,Job Search and Recruitment,QLD: Brisbane,Logan Central",https://www.startlocal.com.au/education/jobsearch/qld_brisbane/Sarina_Russo_Job_Access_Logan_Central_411758.html
Job Placement Ltd.,"24 Blackwood Rd, Woodridge, QLD, 4114",(07) 38085838,NA,NA,NA,NA,NA,NA,NA,NA,NA,NA,NA,NA,"Disability Support Services,Job Search and Recruitment","Organisations and Government,Disability Support Services,QLD: Brisbane,Woodridge,Professional Services,Job Search and Recruitment,QLD: Brisbane,Woodridge",https://www.startlocal.com.au/education/jobsearch/qld_brisbane/Job_Placement_Ltd._1578505.html
Keystone Disability Services,"100 Railway Pde, Woodridge, QLD, 4114",(07) 32091466,NA,NA,NA,NA,8:30am - 4:30pm,8:30am - 4:30pm,8:30am - 4:30pm,8:30am - 4:30pm,8:30am - 4:30pm,---,---,---,"Disability Support Services,Job Search and Recruitment","Organisations and Government,Disability Support Services,QLD: Brisbane,Woodridge,Professional Services,Job Search and Recruitment,QLD: Brisbane,Woodridge",https://www.startlocal.com.au/education/jobsearch/qld_brisbane/Keystone_Disability_Services_1578506.html
A 2 Z Recruiting Ltd,"46 Railway Pde, Logan Central, QLD, 4114",(07) 32993002,NA,NA,NA,NA,NA,NA,NA,NA,NA,NA,NA,NA,Job Search and Recruitment,"Professional Services,Job Search and Recruitment,QLD: Brisbane,Logan Central",https://www.startlocal.com.au/education/jobsearch/qld_brisbane/A_2_Z_Recruiting_Ltd_1601387.html
Boystown Employment Service,"17-19 Station Rd, Woodridge, QLD, 4114",(07) 32905011,NA,NA,NA,NA,NA,NA,NA,NA,NA,NA,NA,NA,Job Search and Recruitment,"Professional Services,Job Search and Recruitment,QLD: Brisbane,Woodridge",https://www.startlocal.com.au/education/jobsearch/qld_brisbane/Boystown_Employment_Service_1599261.html
Max Employment: Woodridge,"Suite 2, Level 1, 17 Station Rd, Woodridge, QLD, 4114",(07) 33809600,http://maxemployment.com.au,NA,NA,2147483647,NA,NA,NA,NA,NA,NA,NA,NA,Job Search and Recruitment,"Professional Services,Job Search and Recruitment,QLD: Brisbane,Woodridge",https://www.startlocal.com.au/education/jobsearch/qld_brisbane/Max_Employment_Woodridge_1600003.html
Skilled: Spring Hill,"Level 5, 490 Upper Edward St, Spring Hill, QLD, 4004",(07) 32554800,http://www.skilled.com.au,NA,1964,66005585811,NA,NA,NA,NA,NA,NA,NA,NA,Job Search and Recruitment,"Professional Services,Job Search and Recruitment,QLD: Brisbane,Spring Hill",https://www.startlocal.com.au/education/jobsearch/qld_brisbane/Skilled_Spring_Hill_2884118.html
Aboriginal Employment Strategy: Underwood,"Unit 6A, 2958 Logan Rd, Underwood, QLD, 4119",(07) 31237150,http://www.aes.org.au,NA,NA,NA,NA,NA,NA,NA,NA,NA,NA,NA,Job Search and Recruitment,"Professional Services,Job Search and Recruitment,QLD: Brisbane,Underwood",https://www.startlocal.com.au/education/jobsearch/qld_brisbane/Aboriginal_Employment_Strategy_Underwood_2884682.html
Break Thru People Solutions: Woodridge,"Level 2, 6 Ewing Rd, Woodridge, QLD, 4114",(07) 34396600,http://www.breakthru.org.au,NA,NA,NA,NA,NA,NA,NA,NA,NA,NA,NA,Job Search and Recruitment,"Professional Services,Job Search and Recruitment,QLD: Brisbane,Woodridge",https://www.startlocal.com.au/education/jobsearch/qld_brisbane/Break_Thru_People_Solutions_Woodridge_2886448.html
Synergy,"Unit 8, 1 Welch St, Underwood, QLD, 4119",(07) 38358900,http://www.synergyforsuccess.com.au,NA,NA,NA,NA,NA,NA,NA,NA,NA,NA,NA,Job Search and Recruitment,"Professional Services,Job Search and Recruitment,QLD: Brisbane,Underwood",https://www.startlocal.com.au/education/jobsearch/qld_brisbane/Synergy_2885636.html
First Rate Employment Pty Ltd,"PO Box 205, Rochedale South, QLD, 4123",(07)55461640,http://www.firstrateemployment.com.au,NA,NA,NA,NA,NA,NA,NA,NA,NA,NA,NA,Job Search and Recruitment,"Professional Services,Job Search and Recruitment,QLD: Brisbane,Rochedale South",https://www.startlocal.com.au/education/jobsearch/qld_brisbane/First_Rate_Employment_Pty_Ltd_2885592.html
Randstad: Eight Mile Plains,"26 Brandl St, Eight Mile Plains, QLD, 4113",(07) 35036300,http://www.randstad.com.au,NA,NA,NA,NA,NA,NA,NA,NA,NA,NA,NA,Job Search and Recruitment,"Professional Services,Job Search and Recruitment,QLD: Brisbane,Eight Mile Plains",https://www.startlocal.com.au/education/jobsearch/qld_brisbane/Randstad_Eight_Mile_Plains_2884024.html
Infocheck Resume Verification Service,"Po Box 451, Sunnybank, QLD, 4109",(07) 33436650,NA,NA,NA,NA,NA,NA,NA,NA,NA,NA,NA,NA,Job Search and Recruitment,"Professional Services,Job Search and Recruitment,QLD: Brisbane,Sunnybank",https://www.startlocal.com.au/education/jobsearch/qld_brisbane/Infocheck_Resume_Verification_Service_411752.html
Techstaff,"Lvl 2 12 Mt Gravatt Capalaba Rdupp, Mount Gravatt, QLD, 4122",(07) 33477600,NA,NA,NA,NA,NA,NA,NA,NA,NA,NA,NA,NA,Job Search and Recruitment,"Professional Services,Job Search and Recruitment,QLD: Brisbane,Mount Gravatt",https://www.startlocal.com.au/education/jobsearch/qld_brisbane/Techstaff_1600787.html
Zoom Recruitment and Consulting: Eight Mile Plains,"Suite 304, 7 Clunies Ross Ct, Eight Mile Plains, QLD, 4113",(07) 31055957,http://www.zoomrecruitment.com.au,NA,NA,NA,NA,NA,NA,NA,NA,NA,NA,NA,Job Search and Recruitment,"Professional Services,Job Search and Recruitment,QLD: Brisbane,Eight Mile Plains",https://www.startlocal.com.au/education/jobsearch/qld_brisbane/Zoom_Recruitment_and_Consulting_Eight_Mile_Plains_2887054.html
Quantum People,"Lvl 1/ Bld C Garden Square Macgregor Street, Mount Gravatt, QLD, 4122",(07) 33436444,NA,NA,NA,NA,NA,NA,NA,NA,NA,NA,NA,NA,Job Search and Recruitment,"Professional Services,Job Search and Recruitment,QLD: Brisbane,Mount Gravatt",https://www.startlocal.com.au/education/jobsearch/qld_brisbane/Quantum_People_1600786.html
First Rate Employment And Training,"Site 8 1420 Logan Rd, Mount Gravatt East, QLD, 4122",(07) 34204900,http://www.firstrateemployment.com.au,NA,NA,NA,NA,NA,NA,NA,NA,NA,NA,NA,Job Search and Recruitment,"Professional Services,Job Search and Recruitment,QLD: Brisbane,Mount Gravatt East",https://www.startlocal.com.au/education/jobsearch/qld_brisbane/First_Rate_Employment_And_Training_1600988.html
Sarina Russo Job Access: Mount Gravatt,"Level 2, Network House 57 Sanders St, Mount Gravatt, QLD, 4122",(07) 34202700,http://sarinarusso.com.au/,NA,NA,NA,NA,NA,NA,NA,NA,NA,NA,NA,Job Search and Recruitment,"Professional Services,Job Search and Recruitment,QLD: Brisbane,Mount Gravatt",https://www.startlocal.com.au/education/jobsearch/qld_brisbane/Sarina_Russo_Job_Access_Mount_Gravatt_411789.html
Purnell-Webb,"33 Sanders St, Upper Mount Gravatt, QLD, 4122",(07) 38491240,NA,NA,NA,NA,NA,NA,NA,NA,NA,NA,NA,NA,Job Search and Recruitment,"Professional Services,Job Search and Recruitment,QLD: Brisbane,Upper Mount Gravatt",https://www.startlocal.com.au/education/jobsearch/qld_brisbane/Purnell-Webb_1600239.html
Excel Recruitment,"Level 1 2072 Logan Rd, Mount Gravatt, QLD, 4122",(07) 33493355,NA,NA,NA,NA,NA,NA,NA,NA,NA,NA,NA,NA,Job Search and Recruitment,"Professional Services,Job Search and Recruitment,QLD: Brisbane,Mount Gravatt",https://www.startlocal.com.au/education/jobsearch/qld_brisbane/Excel_Recruitment_1600790.html
Lighthouse Recruitment,"PO Box 2083, Mansfield, QLD, 4122",(07) 34222533,http://www.lighthouserecruitment.com.au,NA,NA,NA,NA,NA,NA,NA,NA,NA,NA,NA,Job Search and Recruitment,"Professional Services,Job Search and Recruitment,QLD: Brisbane,Mansfield",https://www.startlocal.com.au/education/jobsearch/qld_brisbane/Lighthouse_Recruitment_2885506.html
Baytech Industrial,"Level 2 12 Mount Gravatt Capalaba Rd, Mount Gravatt, QLD, 4122",(07) 33437222,NA,NA,NA,NA,NA,NA,NA,NA,NA,NA,NA,NA,Job Search and Recruitment,"Professional Services,Job Search and Recruitment,QLD: Brisbane,Mount Gravatt",https://www.startlocal.com.au/education/jobsearch/qld_brisbane/Baytech_Industrial_411782.html
Campbell Page,"Unit 29 30-34 Sanders St, Mount Gravatt, QLD, 4122",(07) 34261800,NA,NA,NA,NA,NA,NA,NA,NA,NA,NA,NA,NA,Job Search and Recruitment,"Professional Services,Job Search and Recruitment,QLD: Brisbane,Mount Gravatt",https://www.startlocal.com.au/education/jobsearch/qld_brisbane/Campbell_Page_1601457.html
Lighthouse Recruitment,"PO Box 2083, Mansfield, QLD, 4122",(07) 33249680,http://www.lighthouserecruitment.com.au,khouse@lighthouserecruitment.com.au,2002,NA,9:00am - 5:30pm,9:00am - 5:30pm,9:00am - 5:30pm,9:00am - 5:30pm,9:00am - 5:30pm,---,---,---,Job Search and Recruitment,"Professional Services,Job Search and Recruitment,QLD: Brisbane,Mansfield",https://www.startlocal.com.au/education/jobsearch/qld_brisbane/Lighthouse_Recruitment_1599931.html
Drive On Recruitment,"183 Ham Rd, Wishart, QLD, 4122",(04) 01470350,NA,NA,NA,NA,NA,NA,NA,NA,NA,NA,NA,NA,Job Search and Recruitment,"Professional Services,Job Search and Recruitment,QLD: Brisbane,Wishart",https://www.startlocal.com.au/education/jobsearch/qld_brisbane/Drive_On_Recruitment_1601185.html
